student_id,session_id,session_start_ts,session_end_ts,event_count,total_duration_seconds,productive_duration_seconds,non_productive_duration_seconds,total_app_switches,switch_rate_per_min,typing_speed_mean,typing_speed_std,keystrokes_total,mouse_clicks_total,idle_time_total,mouse_coverage_mean,focus_percentage_mean,attention_time_total,attention_span_mean,compiler_runs_total,file_saves_total,compiler_count,app_category_time_share_ide,app_category_time_share_browser,app_category_time_share_games,app_category_time_share_media,app_category_time_share_other,top_app_name,top_app_category,low_mouse_coverage_ratio,repetitive_key_ratio,long_repeat_streak,spam_pattern_flag,non_productive_app_time_share,chrome_time_share,games_time_share,media_time_share,browser_non_edu_time_share,productive_time_share,idle_time_share,productivity_score
STU001,SES20250115_STU001_001,2025-01-15T09:06:00Z,2025-01-15T10:05:54Z,30,3748.0,1873.0,1788.0,103.0,1.6488794023479187,40.599999999999994,14.443299022961018,41476.0,530.0,558.0,0.21486333333333332,70.41499999999999,1635.0,6.800666666666666,86.0,108.0,5,30.389541088580575,17.28922091782284,3.8153681963713977,10.672358591248667,22.94557097118463,pycharm,IDE,0.03333333333333333,0.2924436879629544,162,1,47.705442902881536,29.855923159018143,3.8153681963713977,10.672358591248667,29.855923159018143,49.97331910352188,14.887940234791888,0.0
STU001,SES20250115_STU001_002,2025-01-15T11:02:00Z,2025-01-15T11:56:34Z,30,3396.0,1675.0,2117.0,82.0,1.448763250883392,36.108666666666664,16.171732278543598,35053.0,480.0,462.0,0.11841,66.234,1567.0,7.831666666666667,75.0,137.0,6,28.26855123674912,7.832744405182568,2.8563015312131923,16.578327444051826,30.859835100117785,youtube,IDE,0.5333333333333333,0.20933437031737917,17,0,62.33804475853945,33.09776207302709,2.8563015312131923,16.578327444051826,33.09776207302709,49.322732626619555,13.604240282685511,0.0
STU001,SES20250115_STU001_003,2025-01-15T11:14:00Z,2025-01-15T12:11:05Z,30,3523.0,1632.0,848.0,124.0,2.1118365029804145,39.93233333333334,16.643321920685054,41255.0,686.0,549.0,0.15817333333333336,63.169666666666664,1567.0,8.066666666666666,59.0,163.0,4,23.5310814646608,26.596650581890437,0.0,2.7249503264263413,31.56400794777178,vscode,Browser,0.26666666666666666,0.31566779397478356,168,1,24.070394550099348,16.80386034629577,0.0,2.7249503264263413,16.80386034629577,46.3241555492478,15.58330967925064,0.0
STU002,SES20250115_STU002_001,2025-01-15T10:33:00Z,2025-01-15T11:31:54Z,30,3671.0,3142.0,61.0,102.0,1.6671206755652412,55.040333333333336,9.082351561621522,65300.0,1187.0,160.0,0.32681666666666664,84.98800000000001,2368.0,9.676666666666668,301.0,465.0,6,49.659493326069196,5.42086624897848,0.0,0.0,40.561154998637974,pycharm,IDE,0.0,0.2921401290822558,112,1,1.6616725687823481,1.6616725687823481,0.0,0.0,1.6616725687823481,85.58975755924816,4.358485426314355,58.87885745417753
STU002,SES20250115_STU002_002,2025-01-15T09:09:00Z,2025-01-15T10:11:45Z,30,3857.0,2697.0,516.0,91.0,1.4156079854809438,56.91700000000001,10.308675359456553,69894.0,1336.0,149.0,0.21871333333333337,83.80066666666669,2584.0,10.066666666666666,186.0,316.0,6,39.1495981332642,18.61550427793622,0.0,3.396422089707026,34.97536945812808,pycharm,IDE,0.0,0.26487667992056935,80,1,13.378273269380347,9.98185117967332,0.0,3.396422089707026,9.98185117967332,69.92481203007519,3.86310604096448,19.36888403274196
STU002,SES20250115_STU002_003,2025-01-15T12:04:00Z,2025-01-15T12:59:15Z,30,3479.0,2469.0,907.0,87.0,1.5004311583788446,56.17000000000001,9.186918598383972,61515.0,1140.0,179.0,0.2778,81.42366666666665,2240.0,10.121,205.0,301.0,6,51.796493245185395,13.164702500718597,0.0,4.713998275366484,25.17964932451854,pycharm,IDE,0.0,0.20984631213836524,96,1,26.070709974130494,15.349238286864042,0.0,4.713998275366484,15.349238286864042,70.96866915780396,5.14515665421098,0.0
STU003,SES20250115_STU003_001,2025-01-15T09:35:00Z,2025-01-15T10:32:28Z,30,3557.0,2873.0,463.0,111.0,1.8723643519820075,58.916333333333334,11.061335508075967,66640.0,1101.0,205.0,0.25834333333333337,80.23800000000001,2342.0,9.094,221.0,390.0,6,50.126511104863646,10.851841439415237,0.0,0.0,33.25836378971043,pycharm,IDE,0.0,0.1722694519136882,7,0,13.016587011526568,10.402024177677818,0.0,0.0,10.402024177677818,80.77031206072533,5.763283666010683,46.34252379613639
STU003,SES20250115_STU003_002,2025-01-15T10:14:00Z,2025-01-15T11:16:35Z,30,3889.0,3031.0,406.0,85.0,1.3113911031113397,57.23933333333333,9.77305988703413,69319.0,1002.0,208.0,0.20822999999999997,81.06466666666667,2659.0,9.579333333333333,226.0,287.0,6,34.53329904859861,13.0110568269478,0.0,3.7027513499614297,43.404474157881204,docs,IDE,0.03333333333333333,0.20478685006885824,64,1,10.43970172280792,6.73695037284649,0.0,3.7027513499614297,6.73695037284649,77.9377732064798,5.348418616610954,31.55384131881945
STU003,SES20250115_STU003_003,2025-01-15T10:41:00Z,2025-01-15T11:42:06Z,30,3809.0,2600.0,637.0,89.0,1.4019427671304805,55.018666666666675,11.588367078909588,66249.0,987.0,197.0,0.2837433333333334,79.31533333333333,2306.0,9.45,253.0,278.0,5,38.69782095038068,22.000525072197426,3.019165135206091,0.0,31.110527697558414,pycharm,IDE,0.0,0.25359919936477493,118,1,16.723549488054605,13.704384352848518,3.019165135206091,0.0,13.704384352848518,68.25938566552901,5.1719611446573905,8.293909162509848
STU004,SES20250115_STU004_001,2025-01-15T11:20:00Z,2025-01-15T12:18:15Z,30,3582.0,390.0,2771.0,112.0,1.8760469011725291,23.320666666666664,15.206227437760125,20519.0,672.0,930.0,0.07464333333333334,44.66466666666667,1006.0,4.718666666666667,29.0,31.0,3,10.496929089893914,26.968174204355112,10.971524288107203,9.296482412060302,16.303740926856506,steam,Browser,0.8,0.33689587495932327,187,1,77.35901730876606,41.17811278615299,10.971524288107203,9.296482412060302,41.17811278615299,10.887772194304858,25.963149078726964,0.0
STU004,SES20250115_STU004_002,2025-01-15T12:42:00Z,2025-01-15T13:32:59Z,30,3146.0,420.0,1695.0,89.0,1.697393515575334,28.816333333333333,17.86670170705519,21043.0,423.0,1070.0,0.08432333333333335,47.94500000000001,844.0,4.594333333333334,26.0,35.0,4,8.614113159567705,27.781309599491415,1.8753973299427844,7.374443738080101,20.3432930705658,w3schools,Browser,0.7333333333333333,0.2612269543317512,135,1,53.8779402415766,29.84742530197076,1.8753973299427844,7.374443738080101,29.84742530197076,13.350286077558804,34.011443102352196,0.0
STU004,SES20250115_STU004_003,2025-01-15T10:08:00Z,2025-01-15T11:09:41Z,30,3830.0,741.0,2979.0,80.0,1.2532637075718016,22.866333333333333,16.37070218069124,22219.0,600.0,879.0,0.07118000000000002,42.415,1236.0,5.116666666666668,32.0,48.0,1,8.694516971279374,22.036553524804177,1.2532637075718016,9.738903394255875,35.32637075718016,discord,Browser,0.8333333333333334,0.3958346967581645,159,1,77.78067885117494,44.90861618798956,1.2532637075718016,9.738903394255875,44.90861618798956,19.34725848563969,22.950391644908617,0.0
STU005,SES20250115_STU005_001,2025-01-15T12:37:00Z,2025-01-15T13:37:55Z,30,3823.0,3112.0,282.0,111.0,1.7420873659429768,56.42699999999999,8.952261595075663,68342.0,969.0,151.0,0.36966333333333334,82.59700000000001,2479.0,10.058666666666666,240.0,506.0,6,53.8059115877583,8.239602406487052,0.0,3.688202981951347,30.31650536228093,pycharm,IDE,0.0,0.17276115657975974,7,0,7.376405963902694,3.688202981951347,0.0,3.688202981951347,3.688202981951347,81.40204028250065,3.949777661522365,62.71153918015021
STU005,SES20250115_STU005_002,2025-01-15T10:25:00Z,2025-01-15T11:23:40Z,30,3622.0,2518.0,451.0,101.0,1.673108779679735,56.56266666666666,9.936350078821139,65167.0,944.0,178.0,0.33121333333333336,82.23833333333332,2517.0,9.666333333333332,176.0,351.0,6,36.858089453340696,15.626725565985645,0.0,0.0,42.60077305356157,pycharm,IDE,0.0,0.2155657955924199,42,0,12.451684152401988,8.337934842628382,0.0,0.0,8.337934842628382,69.5196024295969,4.914411927112092,20.420643685414525
STU005,SES20250115_STU005_003,2025-01-15T10:21:00Z,2025-01-15T11:21:04Z,30,3779.0,2623.0,440.0,110.0,1.746493781423657,56.00833333333334,9.580862551055738,65448.0,1149.0,226.0,0.32078666666666666,81.39766666666668,2534.0,9.624,134.0,278.0,3,40.38105318867425,8.494310664196878,4.60439269648055,0.0,40.539825350621854,docs,IDE,0.0,0.20248187381314403,52,1,11.643291876157713,7.038899179677164,4.60439269648055,0.0,7.038899179677164,69.40989679809474,5.980418100026462,21.317317506521007
STU006,SES20250115_STU006_001,2025-01-15T10:26:00Z,2025-01-15T11:25:16Z,30,3624.0,3223.0,61.0,77.0,1.2748344370860927,54.92200000000001,9.388530733471205,62125.0,870.0,238.0,0.3402566666666666,81.28699999999999,2307.0,9.262333333333332,264.0,471.0,6,60.209713024282564,4.497792494481236,0.0,0.0,28.725165562913908,pycharm,IDE,0.0,0.2047678352078045,59,1,1.683222958057395,1.683222958057395,0.0,0.0,1.683222958057395,88.93487858719647,6.567328918322296,59.68964837590665
STU006,SES20250115_STU006_002,2025-01-15T10:57:00Z,2025-01-15T11:54:25Z,30,3538.0,1937.0,787.0,107.0,1.8145845110231769,57.93266666666668,12.28796129912887,64890.0,976.0,159.0,0.3082233333333333,83.241,2332.0,9.444333333333333,169.0,246.0,5,37.22442057659695,26.31430186546071,0.0,0.0,31.967213114754102,vscode,IDE,0.0,0.1895341425135865,8,0,22.244205765969475,14.2736009044658,0.0,0.0,14.2736009044658,54.74844544940645,4.494064443188242,4.460449810223693
STU006,SES20250115_STU006_003,2025-01-15T09:27:00Z,2025-01-15T10:25:35Z,30,3593.0,2680.0,440.0,93.0,1.5530197606457,55.742000000000004,8.250653469069384,62629.0,1088.0,198.0,0.24340666666666672,83.17133333333332,2452.0,9.356,177.0,305.0,5,36.43195101586418,17.339270804341776,0.0,2.56053437239076,38.15752852769273,docs,IDE,0.0,0.23044416940695236,90,1,12.24603395491233,9.68549958252157,0.0,2.56053437239076,9.68549958252157,74.58947954355692,5.510715279710548,24.17259751103336
STU007,SES20250115_STU007_001,2025-01-15T10:38:00Z,2025-01-15T11:39:37Z,30,3783.0,1600.0,1684.0,80.0,1.2688342585249803,40.44666666666667,15.353138513744423,45206.0,792.0,462.0,0.18285666666666664,64.49866666666667,1732.0,6.765000000000001,40.0,94.0,3,10.256410256410255,27.570711075865717,0.0,11.498810467882633,38.46153846153847,terminal,Browser,0.03333333333333333,0.25187128944477577,96,1,44.51493523658472,30.00264340470526,0.0,11.498810467882633,30.00264340470526,42.294475284166005,12.212529738302933,0.0
STU007,SES20250115_STU007_002,2025-01-15T12:29:00Z,2025-01-15T13:21:49Z,30,3265.0,1677.0,978.0,104.0,1.9111791730474732,40.470666666666666,12.327860299157983,39708.0,679.0,377.0,0.26083666666666666,59.885666666666665,1560.0,6.856666666666667,85.0,143.0,5,39.6937212863706,22.2052067381317,0.0,0.6431852986217458,25.911179173047472,vscode,IDE,0.0,0.2267178032567464,96,1,29.95405819295559,19.264931087289433,0.0,0.6431852986217458,19.264931087289433,51.362940275650836,11.546707503828484,0.0
STU007,SES20250115_STU007_003,2025-01-15T12:02:00Z,2025-01-15T13:02:53Z,30,3754.0,1532.0,2016.0,77.0,1.2306872669152904,41.04,15.237663206673126,42138.0,678.0,644.0,0.1709866666666667,60.54066666666666,1614.0,7.323666666666666,77.0,103.0,5,34.336707511987214,8.897176345231752,0.0,20.2184336707512,19.392647842301542,vscode,IDE,0.2,0.2900678804663654,146,1,53.702717101758125,28.66275972296217,0.0,20.2184336707512,28.66275972296217,40.80980287693127,17.155034629728288,0.0
STU008,SES20250115_STU008_001,2025-01-15T10:35:00Z,2025-01-15T11:34:23Z,30,3688.0,625.0,2994.0,100.0,1.6268980477223427,29.20566666666667,19.50357209732503,22883.0,410.0,1172.0,0.12410000000000002,41.56833333333334,893.0,4.939000000000001,56.0,38.0,3,12.825379609544468,10.601952277657267,10.412147505422993,15.075921908893708,19.305856832971802,vlc,Media,0.4666666666666667,0.44707200462095653,129,1,81.1822125813449,42.624728850325376,10.412147505422993,15.075921908893708,42.624728850325376,16.946854663774403,31.77874186550976,0.0
STU008,SES20250115_STU008_002,2025-01-15T11:05:00Z,2025-01-15T12:06:35Z,30,3817.0,610.0,2638.0,76.0,1.1946554886036154,23.156333333333333,14.37231029522471,22463.0,597.0,927.0,0.17359666666666668,44.12566666666667,1395.0,5.576666666666666,12.0,31.0,1,11.212994498297093,19.04637149593922,13.99004453759497,6.209064710505633,25.255436206444852,file_explorer,Browser,0.2,0.3354255030268656,90,1,69.11186795913021,38.77390620906471,13.99004453759497,6.209064710505633,38.77390620906471,15.981137018600997,24.286088551218235,0.0
STU008,SES20250115_STU008_003,2025-01-15T09:22:00Z,2025-01-15T10:21:15Z,30,3668.0,209.0,3113.0,73.0,1.1941112322791712,30.663333333333334,17.571972443512298,24569.0,644.0,1156.0,0.08048000000000001,35.84299999999999,1013.0,6.093,10.0,8.0,2,4.143947655398037,14.394765539803709,5.970556161395856,12.159214830970557,31.81570338058888,discord,Social,0.6333333333333333,0.47469718406329764,151,1,84.86913849509268,42.966194111232284,5.970556161395856,12.159214830970557,42.966194111232284,5.697928026172301,31.515812431842967,0.0
STU009,SES20250115_STU009_001,2025-01-15T10:16:00Z,2025-01-15T11:07:39Z,30,3274.0,1547.0,1336.0,92.0,1.6860109957238851,40.251,12.27544740528833,37591.0,641.0,545.0,0.25293333333333334,67.99233333333333,1501.0,7.403333333333333,87.0,146.0,6,26.11484422724496,17.501527183872938,2.443494196701283,2.5962125839951127,34.69761759315821,pycharm,IDE,0.03333333333333333,0.19601157293514448,154,1,40.80635308491142,25.992669517409894,2.443494196701283,2.5962125839951127,25.992669517409894,47.25106902871106,16.646304215027488,0.0
STU009,SES20250115_STU009_002,2025-01-15T10:59:00Z,2025-01-15T11:51:50Z,30,3335.0,1742.0,992.0,108.0,1.9430284857571214,41.01066666666667,16.389331882525155,39307.0,644.0,410.0,0.22558,62.00266666666666,1485.0,6.389666666666667,74.0,127.0,5,36.37181409295353,22.84857571214393,0.0,10.914542728635682,17.571214392803597,pycharm,IDE,0.0,0.24918349648205496,63,1,29.74512743628186,18.830584707646178,0.0,10.914542728635682,18.830584707646178,52.23388305847077,12.293853073463268,0.0
STU009,SES20250115_STU009_003,2025-01-15T12:40:00Z,2025-01-15T13:36:16Z,30,3495.0,2047.0,785.0,85.0,1.4592274678111588,39.356333333333325,13.375060992591978,36697.0,728.0,552.0,0.22337000000000004,71.169,1628.0,7.333333333333334,67.0,193.0,5,45.550786838340485,16.566523605150216,0.0,0.0,22.088698140200286,pycharm,IDE,0.0,0.23372506144531588,140,1,22.46065808297568,13.390557939914164,0.0,0.0,13.390557939914164,58.569384835479255,15.793991416309014,0.0
STU010,SES20250115_STU010_001,2025-01-15T11:52:00Z,2025-01-15T12:50:55Z,30,3679.0,3093.0,121.0,83.0,1.353628703452025,55.61866666666666,10.766034160987767,63576.0,1102.0,285.0,0.3187466666666667,81.36733333333335,2287.0,9.537666666666667,283.0,493.0,6,50.8018483283501,8.181571079097582,0.0,0.0,33.26991030171242,pycharm,IDE,0.0,0.23076613544549612,112,1,3.2889372111986956,3.2889372111986956,0.0,0.0,3.2889372111986956,84.07175863006252,7.746670290839902,49.82038985749233
STU010,SES20250115_STU010_002,2025-01-15T12:43:00Z,2025-01-15T13:38:37Z,30,3398.0,3100.0,0.0,84.0,1.483225426721601,55.15533333333333,8.456711233623203,58129.0,1152.0,202.0,0.3002433333333333,82.89266666666668,2237.0,9.849333333333334,192.0,438.0,6,45.14420247204238,2.8251912889935253,0.0,0.0,46.08593290170689,vscode,IDE,0.0,0.18075503698745013,6,0,0.0,0.0,0.0,0.0,0.0,91.23013537374926,5.94467333725721,84.5423778693349
STU010,SES20250115_STU010_003,2025-01-15T09:26:00Z,2025-01-15T10:26:04Z,30,3761.0,3268.0,0.0,110.0,1.7548524328636002,54.43233333333334,14.084563579402175,64972.0,1023.0,184.0,0.15113666666666664,80.37233333333334,2519.0,9.531333333333333,235.0,419.0,6,59.74474873703802,8.215900026588674,0.0,0.0,27.14703536293539,vscode,IDE,0.3,0.2879826604119445,153,1,0.0,0.0,0.0,0.0,0.0,86.8917840999734,4.892315873437916,53.387928742355754
STU011,SES20250115_STU011_001,2025-01-15T09:54:00Z,2025-01-15T10:53:36Z,30,3690.0,2213.0,1027.0,108.0,1.7560975609756098,40.53999999999999,13.75566598411966,42124.0,1026.0,574.0,0.10339333333333331,68.51966666666665,1642.0,7.155666666666666,106.0,151.0,6,19.91869918699187,10.70460704607046,2.791327913279133,3.685636856368564,47.34417344173442,terminal,Terminal,0.7,0.2619600697447087,102,1,27.831978319783197,15.528455284552845,2.791327913279133,3.685636856368564,15.528455284552845,59.972899728997284,15.555555555555555,0.0
STU011,SES20250115_STU011_002,2025-01-15T09:02:00Z,2025-01-15T09:53:38Z,30,3214.0,1870.0,910.0,97.0,1.8108276291225887,40.75066666666667,10.213712003424067,38326.0,729.0,395.0,0.21244333333333337,64.0,1561.0,7.397666666666667,81.0,123.0,5,46.70192906036092,19.22837585563161,0.0,6.160547604231487,15.619166148102053,pycharm,IDE,0.03333333333333333,0.24095632032119835,140,1,28.313627878033603,18.014934660858742,0.0,6.160547604231487,18.014934660858742,58.18294959551961,12.289981331673927,0.0
STU011,SES20250115_STU011_003,2025-01-15T11:04:00Z,2025-01-15T12:05:28Z,30,3748.0,1595.0,1309.0,101.0,1.6168623265741728,38.447,16.19719937725861,42909.0,646.0,476.0,0.23837666666666665,63.81066666666668,1770.0,6.9703333333333335,75.0,143.0,5,20.250800426894344,31.803628601921023,0.0,5.683030949839915,29.562433297758805,instagram,Browser,0.0,0.24593488504739477,96,1,34.92529348986126,21.985058697972253,0.0,5.683030949839915,21.985058697972253,42.55602988260406,12.700106723585913,0.0
STU012,SES20250115_STU012_001,2025-01-15T11:34:00Z,2025-01-15T12:33:57Z,30,3719.0,1514.0,1668.0,89.0,1.4358698574885722,39.023333333333326,13.017277322423798,40790.0,650.0,643.0,0.15063000000000004,64.06333333333333,1708.0,6.970000000000001,46.0,125.0,5,19.62893250873891,16.886259747243884,0.0,4.114009142242538,42.081204624899165,pycharm,IDE,0.2,0.26156893196307235,44,1,44.850766335036305,24.200053777897285,0.0,4.114009142242538,24.200053777897285,40.70986824415165,17.2895939768755,0.0
STU012,SES20250115_STU012_002,2025-01-15T11:30:00Z,2025-01-15T12:27:48Z,30,3626.0,1766.0,1429.0,105.0,1.7374517374517375,42.19933333333334,16.221752254988427,42438.0,906.0,620.0,0.18154000000000003,59.85933333333333,1683.0,7.95,46.0,168.0,5,34.80419194704909,16.795366795366796,0.0,1.709873138444567,29.591836734693878,vscode,IDE,0.16666666666666666,0.22997252027408754,66,1,39.409817981246555,22.00772200772201,0.0,1.709873138444567,22.00772200772201,48.70380584666299,17.09873138444567,0.0
STU012,SES20250115_STU012_003,2025-01-15T12:45:00Z,2025-01-15T13:44:14Z,30,3727.0,1387.0,1165.0,103.0,1.6581701100080493,37.55766666666667,15.624286156138107,40880.0,833.0,584.0,0.14067333333333332,62.060666666666656,1857.0,7.900333333333334,77.0,163.0,5,17.171988194258116,23.155352830694927,2.2538234504963777,5.473571236919775,36.27582506037027,terminal,Browser,0.36666666666666664,0.20860945877193898,180,1,31.25838475986048,16.28655755299168,2.2538234504963777,5.473571236919775,16.28655755299168,37.21491816474376,15.669439227260531,0.0
STU013,SES20250115_STU013_001,2025-01-15T10:31:00Z,2025-01-15T11:31:41Z,30,3815.0,3329.0,157.0,118.0,1.855832241153342,54.15533333333334,8.903454285962399,65413.0,989.0,190.0,0.22576,82.49366666666667,2521.0,9.373,243.0,411.0,6,46.99868938401048,7.758846657929226,0.0,0.0,40.262123197903016,vscode,IDE,0.0,0.20393797571014644,66,0,4.115334207077327,4.115334207077327,0.0,0.0,4.115334207077327,87.2608125819135,4.980340760157274,54.22793484366223
STU013,SES20250115_STU013_002,2025-01-15T11:55:00Z,2025-01-15T12:50:27Z,30,3500.0,2777.0,739.0,108.0,1.8514285714285714,57.056333333333335,8.018558674863096,62364.0,865.0,220.0,0.3461999999999999,79.93900000000001,2384.0,9.283666666666667,188.0,376.0,6,34.97142857142857,4.542857142857143,0.0,1.7428571428571429,52.457142857142856,terminal,IDE,0.0,0.18822707749933165,27,0,21.114285714285714,11.285714285714285,0.0,1.7428571428571429,11.285714285714285,79.34285714285714,6.2857142857142865,17.46612244897959
STU013,SES20250115_STU013_003,2025-01-15T11:15:00Z,2025-01-15T12:13:23Z,30,3628.0,2099.0,982.0,95.0,1.5711135611907387,53.914333333333325,8.114232632986448,61383.0,923.0,213.0,0.15646,80.13899999999998,2293.0,9.377999999999998,125.0,206.0,5,27.37045203969129,25.0,1.4332965821389196,5.347298787210584,34.97794928335171,docs,IDE,0.3,0.20467726131847855,42,0,27.067254685777286,20.286659316427784,1.4332965821389196,5.347298787210584,20.286659316427784,57.85556780595369,5.871003307607498,0.0
STU014,SES20250115_STU014_001,2025-01-15T12:07:00Z,2025-01-15T13:02:18Z,30,3401.0,381.0,2650.0,84.0,1.4819170832108204,32.36633333333334,19.2744721472614,24309.0,450.0,1119.0,0.11817000000000001,45.16833333333333,821.0,5.933333333333333,35.0,14.0,3,7.556600999705969,15.466039400176419,12.143487209644222,4.028226992061159,27.903557777124377,steam,Browser,0.5333333333333333,0.2827728897079748,72,1,77.91825933548957,40.75271978829756,12.143487209644222,4.028226992061159,40.75271978829756,11.202587474272272,32.902087621287855,0.0
STU014,SES20250115_STU014_002,2025-01-15T12:46:00Z,2025-01-15T13:44:13Z,30,3606.0,625.0,2662.0,81.0,1.3477537437603992,25.649333333333338,17.744800728351077,24521.0,448.0,784.0,0.16948333333333337,44.77466666666666,1275.0,5.6083333333333325,22.0,40.0,4,11.17581808097615,20.216306156405988,9.04048807542984,16.112035496394896,21.713810316139767,spotify,Browser,0.23333333333333334,0.3585114130536588,96,1,73.82140876317249,39.32334997226844,9.04048807542984,16.112035496394896,39.32334997226844,17.33222407099279,21.741541874653354,0.0
STU014,SES20250115_STU014_003,2025-01-15T11:30:00Z,2025-01-15T12:29:59Z,30,3767.0,457.0,3248.0,82.0,1.306079108043536,24.491333333333333,17.38121969892281,20599.0,575.0,1125.0,0.11563333333333332,49.38,1074.0,5.108666666666666,19.0,45.0,1,7.618794796920627,20.706132200690206,6.955136713565172,11.945845500398194,22.909477037430314,instagram,Browser,0.43333333333333335,0.415673318844991,264,1,86.22245818954075,48.92487390496416,6.955136713565172,11.945845500398194,48.92487390496416,12.131669763737722,29.86461375099549,0.0
STU015,SES20250115_STU015_001,2025-01-15T10:23:00Z,2025-01-15T11:19:50Z,30,3473.0,2971.0,426.0,106.0,1.8312697955657933,54.845,9.629250490043345,60044.0,836.0,211.0,0.27004333333333336,82.87933333333334,2296.0,9.981666666666667,282.0,449.0,6,50.21595162683559,0.0,0.0,6.133026202130723,37.57558306939245,terminal,IDE,0.0,0.2137457908145276,41,1,12.266052404261446,6.133026202130723,0.0,6.133026202130723,6.133026202130723,85.54563777713791,6.075439101641232,37.01976471556085
STU015,SES20250115_STU015_002,2025-01-15T12:13:00Z,2025-01-15T13:15:21Z,30,3824.0,3116.0,624.0,101.0,1.5847280334728033,54.00366666666667,9.1473560782459,65455.0,1079.0,229.0,0.25884333333333337,83.36,2404.0,9.889333333333333,217.0,416.0,6,41.23953974895397,6.956066945606694,0.0,2.8242677824267783,42.99163179916318,terminal,IDE,0.0,0.23216968371688468,78,1,16.317991631799163,10.747907949790795,0.0,2.8242677824267783,10.747907949790795,81.48535564853556,5.9884937238493725,23.367248206814097
STU015,SES20250115_STU015_003,2025-01-15T10:15:00Z,2025-01-15T11:09:14Z,30,3339.0,2621.0,454.0,76.0,1.3656783468104223,57.56966666666667,8.912358641546891,60809.0,997.0,176.0,0.21094666666666667,83.38733333333334,2205.0,9.004999999999999,249.0,371.0,6,53.96825396825397,8.056304282719378,0.0,4.672057502246182,28.03234501347709,pycharm,IDE,0.03333333333333333,0.25764304202126537,87,1,13.596885294998504,8.924827792752321,0.0,4.672057502246182,8.924827792752321,78.49655585504642,5.271039233303385,25.66311556068969
STU016,SES20250115_STU016_001,2025-01-15T10:07:00Z,2025-01-15T11:06:16Z,30,3720.0,2851.0,500.0,97.0,1.564516129032258,54.859,11.06441332983061,63241.0,940.0,236.0,0.28665333333333337,83.069,2315.0,9.363333333333333,282.0,434.0,6,47.634408602150536,7.473118279569893,0.0,0.0,38.54838709677419,pycharm,IDE,0.0,0.1772890643536644,6,0,13.440860215053762,7.231182795698925,0.0,0.0,7.231182795698925,76.63978494623656,6.344086021505377,43.174884792626735
STU016,SES20250115_STU016_002,2025-01-15T11:45:00Z,2025-01-15T12:37:19Z,30,3244.0,2254.0,575.0,106.0,1.9605425400739827,55.904333333333334,10.952990667190196,56002.0,984.0,200.0,0.34906000000000004,81.54266666666668,2197.0,9.532999999999998,166.0,303.0,6,47.287299630086316,13.655980271270037,4.778051787916153,3.020961775585697,25.092478421701603,pycharm,IDE,0.0,0.267159126925299,91,1,17.725030826140568,9.926017262638718,4.778051787916153,3.020961775585697,9.926017262638718,69.48212083847103,6.165228113440198,9.545886912101473
STU016,SES20250115_STU016_003,2025-01-15T09:48:00Z,2025-01-15T10:42:40Z,30,3385.0,2804.0,648.0,101.0,1.7902511078286558,56.458,10.768972219606972,60625.0,1046.0,148.0,0.2674566666666667,82.64066666666666,2213.0,9.901333333333335,189.0,226.0,5,39.94091580502216,0.0,7.562776957163958,0.0,48.12407680945347,docs,IDE,0.0,0.22371998964212084,55,1,19.14327917282127,9.571639586410635,7.562776957163958,0.0,9.571639586410635,82.83604135893648,4.372230428360414,22.94340578181051
STU017,SES20250115_STU017_001,2025-01-15T09:30:00Z,2025-01-15T10:26:09Z,30,3480.0,1832.0,938.0,96.0,1.6551724137931034,40.473,15.349000434338821,41297.0,682.0,423.0,0.2672366666666666,68.64033333333334,1644.0,8.483,81.0,105.0,4,23.189655172413794,19.137931034482758,0.0,6.810344827586206,38.70689655172414,pycharm,IDE,0.0,0.264501480824699,104,1,26.95402298850575,17.586206896551722,0.0,6.810344827586206,17.586206896551722,52.643678160919535,12.155172413793103,0.0
STU017,SES20250115_STU017_002,2025-01-15T11:57:00Z,2025-01-15T12:54:54Z,30,3645.0,1548.0,2229.0,94.0,1.5473251028806585,42.13566666666667,11.74643710048096,44064.0,746.0,506.0,0.1935066666666666,65.25533333333334,1710.0,7.496999999999999,68.0,108.0,4,19.8079561042524,18.68312757201646,4.993141289437586,12.016460905349795,30.617283950617285,pycharm,IDE,0.06666666666666667,0.38026377487640095,140,1,61.15226337448559,36.18655692729767,4.993141289437586,12.016460905349795,36.18655692729767,42.46913580246914,13.882030178326474,0.0
STU017,SES20250115_STU017_003,2025-01-15T10:59:00Z,2025-01-15T11:56:21Z,30,3576.0,1933.0,1449.0,118.0,1.9798657718120805,37.947,12.502060403522824,40994.0,621.0,343.0,0.23771666666666666,67.67299999999999,1793.0,6.586666666666667,45.0,182.0,6,26.873601789709173,19.351230425055927,0.0,3.104026845637584,41.07941834451901,pycharm,IDE,0.0,0.28450527246961965,75,1,40.52013422818792,25.363534675615213,0.0,3.104026845637584,25.363534675615213,54.05480984340044,9.5917225950783,0.0
STU018,SES20250115_STU018_001,2025-01-15T12:39:00Z,2025-01-15T13:39:32Z,30,3727.0,2740.0,311.0,101.0,1.6259726321438155,57.052,11.142775955748192,68501.0,1181.0,141.0,0.2759433333333333,81.51966666666667,2511.0,9.619666666666665,164.0,328.0,6,43.037295411859404,19.050174403005098,0.0,0.0,34.12932653608801,vscode,IDE,0.0,0.17085315489525094,6,0,8.344513013147303,8.344513013147303,0.0,0.0,8.344513013147303,73.51757445666756,3.783203649047491,50.14061481850588
STU018,SES20250115_STU018_002,2025-01-15T10:38:00Z,2025-01-15T11:40:26Z,30,3900.0,2520.0,553.0,92.0,1.4153846153846155,55.21466666666666,8.344040880905501,67885.0,1177.0,218.0,0.34148333333333336,82.257,2643.0,9.352333333333332,194.0,299.0,5,34.820512820512825,20.025641025641026,1.9230769230769231,3.8461538461538463,33.794871794871796,pycharm,IDE,0.0,0.18107700498415588,6,0,14.179487179487179,8.41025641025641,1.9230769230769231,3.8461538461538463,8.41025641025641,64.61538461538461,5.589743589743589,29.989487179487178
STU018,SES20250115_STU018_003,2025-01-15T11:34:00Z,2025-01-15T12:36:50Z,30,3920.0,3151.0,636.0,119.0,1.8214285714285716,57.005,7.85999734944824,70752.0,1034.0,215.0,0.34088,82.175,2553.0,9.289,198.0,353.0,6,42.2704081632653,7.831632653061224,0.0,3.7755102040816326,40.63775510204082,docs,IDE,0.0,0.18077199218917636,7,0,16.224489795918366,9.923469387755102,0.0,3.7755102040816326,9.923469387755102,80.38265306122449,5.48469387755102,41.57184766763849
STU019,SES20250115_STU019_001,2025-01-15T09:11:00Z,2025-01-15T10:11:44Z,30,3726.0,2475.0,433.0,85.0,1.3687600644122382,36.936,14.576753776704422,41351.0,749.0,392.0,0.11836333333333333,65.04166666666666,1654.0,6.903333333333333,136.0,176.0,5,32.17928073000537,17.713365539452496,0.0,1.8250134192163179,37.76167471819646,terminal,IDE,0.5666666666666667,0.28549074873329516,150,1,11.621041331186259,9.125067096081589,0.0,1.8250134192163179,9.125067096081589,66.42512077294685,10.52066559312936,0.0
STU019,SES20250115_STU019_002,2025-01-15T10:50:00Z,2025-01-15T11:50:19Z,30,3742.0,1372.0,997.0,94.0,1.5072153928380545,40.54466666666667,12.616740396085758,43300.0,759.0,580.0,0.13486,69.494,1683.0,6.797666666666667,65.0,112.0,6,23.409941207910208,29.690005344735436,0.0,7.990379476215927,23.409941207910208,pycharm,Browser,0.4666666666666667,0.29114813744048645,147,1,26.643506146445752,16.060929983965792,0.0,7.990379476215927,16.060929983965792,36.664885088188136,15.499732763228218,0.0
STU019,SES20250115_STU019_003,2025-01-15T09:10:00Z,2025-01-15T10:09:58Z,30,3741.0,1890.0,506.0,94.0,1.507618283881315,45.298,15.881687022059925,50105.0,801.0,522.0,0.11884333333333334,63.84833333333333,1911.0,6.578999999999999,73.0,135.0,5,23.63004544239508,29.617749264902432,0.0,2.245388933440257,30.553327987169205,docs,Browser,0.5333333333333333,0.33610564306934215,109,1,13.525795241913926,11.28040630847367,0.0,2.245388933440257,11.28040630847367,50.521251002405776,13.953488372093023,0.0
STU020,SES20250115_STU020_001,2025-01-15T12:54:00Z,2025-01-15T13:51:46Z,30,3605.0,2415.0,1221.0,102.0,1.697642163661581,55.72866666666667,9.412857424230374,63697.0,1107.0,194.0,0.23567666666666662,81.69966666666666,2384.0,9.466,172.0,471.0,5,38.25242718446602,13.148404993065189,3.1067961165048543,8.599167822468793,31.511789181692095,terminal,IDE,0.0,0.2379304877136552,92,1,33.86962552011096,19.389736477115118,3.1067961165048543,8.599167822468793,19.389736477115118,66.99029126213593,5.381414701803052,0.0
STU020,SES20250115_STU020_002,2025-01-15T10:55:00Z,2025-01-15T11:52:07Z,30,3571.0,2813.0,455.0,136.0,2.2850742089050686,55.987,9.161543956488266,62297.0,1071.0,218.0,0.24867333333333339,82.26733333333335,2380.0,9.643333333333336,259.0,374.0,6,62.97955754690563,9.661159339120696,2.996359563147578,2.4642957154858585,15.793895267432093,pycharm,IDE,0.0,0.20237176241091603,64,0,12.741528983478018,7.2808737048445815,2.996359563147578,2.4642957154858585,7.2808737048445815,78.77345281433772,6.104732567908149,28.640996919630354
STU020,SES20250115_STU020_003,2025-01-15T12:25:00Z,2025-01-15T13:21:13Z,30,3436.0,2587.0,356.0,97.0,1.6938300349243307,55.423,8.505176913699875,59977.0,901.0,193.0,0.2980499999999999,80.10299999999998,2267.0,9.458333333333336,169.0,299.0,6,43.538998835855644,3.288707799767171,0.0,0.0,47.555296856810244,vscode,IDE,0.0,0.2073804958710726,140,1,10.360884749708964,5.9953434225844005,0.0,0.0,5.9953434225844005,75.29103608847497,5.616996507566938,30.37387743223016
